{"num_layers": 12, "lr": 0.0016999759841156564, "units_0": 64, "kernel_size_0": 3, "activation_0": "relu", "pool_size_0": 1, "dropout_0": 0.1250627613377461, "dilation_0": 2, "units_1": 128, "kernel_size_1": 5, "activation_1": "tanh", "pool_size_1": 1, "dropout_1": 0.12632194237159514, "dilation_1": 1, "units_2": 128, "kernel_size_2": 3, "activation_2": "relu", "pool_size_2": 1, "dropout_2": 0.058325552369733163, "dilation_2": 1, "units_3": 128, "kernel_size_3": 5, "activation_3": "relu", "pool_size_3": 1, "dropout_3": 0.1862313569969462, "dilation_3": 1, "units_4": 32, "kernel_size_4": 5, "activation_4": "tanh", "pool_size_4": 2, "dropout_4": 0.4080685576288325, "dilation_4": 2, "units_5": 64, "kernel_size_5": 5, "activation_5": "tanh", "pool_size_5": 2, "dropout_5": 0.15230852595425645, "dilation_5": 1, "units_6": 64, "kernel_size_6": 5, "activation_6": "tanh", "pool_size_6": 2, "dropout_6": 0.03052722575414722, "dilation_6": 2, "units_7": 128, "kernel_size_7": 5, "activation_7": "tanh", "pool_size_7": 1, "dropout_7": 0.01957535234023567, "dilation_7": 2, "units_8": 128, "kernel_size_8": 5, "activation_8": "relu", "pool_size_8": 1, "dropout_8": 0.011620422956644338, "dilation_8": 1, "units_9": 128, "kernel_size_9": 3, "activation_9": "tanh", "pool_size_9": 1, "dropout_9": 0.18297804222206446, "dilation_9": 2, "units_10": 128, "kernel_size_10": 5, "activation_10": "relu", "pool_size_10": 1, "dropout_10": 0.4948110696063857, "dilation_10": 1, "units_11": 64, "kernel_size_11": 5, "activation_11": "relu", "pool_size_11": 1, "dropout_11": 0.21715258809546822, "dilation_11": 2}