{"num_layers": 6, "embedding_dim": 64, "units_0": 32, "kernel_size_0": 11, "activation_0": "gelu", "dropout_0": 0.4412236033491853, "units_1": 128, "kernel_size_1": 7, "activation_1": "relu", "dropout_1": 0.15430686710722163, "units_2": 64, "kernel_size_2": 5, "activation_2": "gelu", "dropout_2": 0.23495445825315997, "units_3": 32, "kernel_size_3": 7, "activation_3": "gelu", "dropout_3": 0.13135844759781748, "units_4": 32, "kernel_size_4": 11, "activation_4": "relu", "dropout_4": 0.18943200152157363, "units_5": 64, "kernel_size_5": 11, "activation_5": "gelu", "dropout_5": 0.2398955681564483}